Date,Global_UID,Indicator,Value,Error,Unit,Note
2018-02-01,G1-U01,BOD,1.1,,mg/L,常贺星硕士论文数据
2018-02-01,G1-U01,COD,8.0,,mg/L,常贺星硕士论文数据
2018-02-01,G1-U01,NH3-N,1.81,,mg/L,常贺星硕士论文数据
2018-02-01,G1-U01,TN,5.06,,mg/L,常贺星硕士论文数据
2018-02-01,G1-U01,TP,0.11,,mg/L,常贺星硕士论文数据
2018-02-01,G1-U02,BOD,1.4,,mg/L,常贺星硕士论文数据
2018-02-01,G1-U02,COD,9.0,,mg/L,常贺星硕士论文数据
2018-02-01,G1-U02,NH3-N,0.199,,mg/L,常贺星硕士论文数据
2018-02-01,G1-U02,TN,4.64,,mg/L,常贺星硕士论文数据
2018-02-01,G1-U02,TP,0.13,,mg/L,常贺星硕士论文数据
2018-02-01,G1-U03,BOD,1.6,,mg/L,常贺星硕士论文数据
2018-02-01,G1-U03,COD,10.0,,mg/L,常贺星硕士论文数据
2018-02-01,G1-U03,NH3-N,0.088,,mg/L,常贺星硕士论文数据
2018-02-01,G1-U03,TN,5.06,,mg/L,常贺星硕士论文数据
2018-02-01,G1-U03,TP,0.15,,mg/L,常贺星硕士论文数据
2018-02-01,G1-U04,BOD,1.5,,mg/L,常贺星硕士论文数据
2018-02-01,G1-U04,COD,7.0,,mg/L,常贺星硕士论文数据
2018-02-01,G1-U04,NH3-N,0.228,,mg/L,常贺星硕士论文数据
2018-02-01,G1-U04,TN,4.6,,mg/L,常贺星硕士论文数据
2018-02-01,G1-U04,TP,0.06,,mg/L,常贺星硕士论文数据
2018-02-01,G1-U05,BOD,0.8,,mg/L,常贺星硕士论文数据
2018-02-01,G1-U05,COD,7.0,,mg/L,常贺星硕士论文数据
2018-02-01,G1-U05,NH3-N,0.037,,mg/L,常贺星硕士论文数据
2018-02-01,G1-U05,TN,4.19,,mg/L,常贺星硕士论文数据
2018-02-01,G1-U05,TP,0.05,,mg/L,常贺星硕士论文数据
2018-02-01,G1-U06,BOD,0.9,,mg/L,常贺星硕士论文数据
2018-02-01,G1-U06,COD,8.0,,mg/L,常贺星硕士论文数据
2018-02-01,G1-U06,NH3-N,0.164,,mg/L,常贺星硕士论文数据
2018-02-01,G1-U06,TN,4.5,,mg/L,常贺星硕士论文数据
2018-02-01,G1-U06,TP,0.09,,mg/L,常贺星硕士论文数据
2018-02-01,G1-U07,BOD,0.5,,mg/L,常贺星硕士论文数据
2018-02-01,G1-U07,COD,6.0,,mg/L,常贺星硕士论文数据
2018-02-01,G1-U07,NH3-N,0.035,,mg/L,常贺星硕士论文数据
2018-02-01,G1-U07,TN,4.56,,mg/L,常贺星硕士论文数据
2018-02-01,G1-U07,TP,0.05,,mg/L,常贺星硕士论文数据
2018-02-01,G1-U08,BOD,1.2,,mg/L,常贺星硕士论文数据
2018-02-01,G1-U08,COD,9.0,,mg/L,常贺星硕士论文数据
2018-02-01,G1-U08,NH3-N,0.043,,mg/L,常贺星硕士论文数据
2018-02-01,G1-U08,TN,1.87,,mg/L,常贺星硕士论文数据
2018-02-01,G1-U08,TP,0.02,,mg/L,常贺星硕士论文数据
2018-02-01,G1-U09,BOD,1.1,,mg/L,常贺星硕士论文数据
2018-02-01,G1-U09,COD,8.0,,mg/L,常贺星硕士论文数据
2018-02-01,G1-U09,NH3-N,0.059,,mg/L,常贺星硕士论文数据
2018-02-01,G1-U09,TN,4.1,,mg/L,常贺星硕士论文数据
2018-02-01,G1-U09,TP,0.03,,mg/L,常贺星硕士论文数据
2018-02-01,G2-U01,BOD,1.9,,mg/L,常贺星硕士论文数据
2018-02-01,G2-U01,COD,10.0,,mg/L,常贺星硕士论文数据
2018-02-01,G2-U01,NH3-N,2.66,,mg/L,常贺星硕士论文数据
2018-02-01,G2-U01,TN,6.67,,mg/L,常贺星硕士论文数据
2018-02-01,G2-U01,TP,0.2,,mg/L,常贺星硕士论文数据
2018-02-01,G2-U02,BOD,3.2,,mg/L,常贺星硕士论文数据
2018-02-01,G2-U02,BOD,1.0,,mg/L,常贺星硕士论文数据
2018-02-01,G2-U02,COD,16.0,,mg/L,常贺星硕士论文数据
2018-02-01,G2-U02,COD,12.0,,mg/L,常贺星硕士论文数据
2018-02-01,G2-U02,NH3-N,2.87,,mg/L,常贺星硕士论文数据
2018-02-01,G2-U02,NH3-N,2.45,,mg/L,常贺星硕士论文数据
2018-02-01,G2-U02,TN,8.59,,mg/L,常贺星硕士论文数据
2018-02-01,G2-U02,TN,6.84,,mg/L,常贺星硕士论文数据
2018-02-01,G2-U02,TP,0.17,,mg/L,常贺星硕士论文数据
2018-02-01,G2-U02,TP,0.13,,mg/L,常贺星硕士论文数据
2018-02-01,G2-U03,BOD,3.2,,mg/L,常贺星硕士论文数据
2018-02-01,G2-U03,BOD,2.4,,mg/L,常贺星硕士论文数据
2018-02-01,G2-U03,COD,9.0,,mg/L,常贺星硕士论文数据
2018-02-01,G2-U03,COD,12.0,,mg/L,常贺星硕士论文数据
2018-02-01,G2-U03,NH3-N,2.84,,mg/L,常贺星硕士论文数据
2018-02-01,G2-U03,NH3-N,2.95,,mg/L,常贺星硕士论文数据
2018-02-01,G2-U03,TN,6.86,,mg/L,常贺星硕士论文数据
2018-02-01,G2-U03,TN,8.82,,mg/L,常贺星硕士论文数据
2018-02-01,G2-U03,TP,0.13,,mg/L,常贺星硕士论文数据
2018-02-01,G2-U03,TP,0.13,,mg/L,常贺星硕士论文数据
2018-02-01,G2-U04,BOD,2.0,,mg/L,常贺星硕士论文数据
2018-02-01,G2-U04,BOD,3.3,,mg/L,常贺星硕士论文数据
2018-02-01,G2-U04,COD,8.0,,mg/L,常贺星硕士论文数据
2018-02-01,G2-U04,COD,7.0,,mg/L,常贺星硕士论文数据
2018-02-01,G2-U04,NH3-N,2.41,,mg/L,常贺星硕士论文数据
2018-02-01,G2-U04,NH3-N,2.42,,mg/L,常贺星硕士论文数据
2018-02-01,G2-U04,TN,7.58,,mg/L,常贺星硕士论文数据
2018-02-01,G2-U04,TN,7.29,,mg/L,常贺星硕士论文数据
2018-02-01,G2-U04,TP,0.14,,mg/L,常贺星硕士论文数据
2018-02-01,G2-U04,TP,0.14,,mg/L,常贺星硕士论文数据
2018-02-01,G2-U06,BOD,2.8,,mg/L,常贺星硕士论文数据
2018-02-01,G2-U06,BOD,2.4,,mg/L,常贺星硕士论文数据
2018-02-01,G2-U06,COD,12.0,,mg/L,常贺星硕士论文数据
2018-02-01,G2-U06,COD,14.0,,mg/L,常贺星硕士论文数据
2018-02-01,G2-U06,NH3-N,2.88,,mg/L,常贺星硕士论文数据
2018-02-01,G2-U06,NH3-N,3.31,,mg/L,常贺星硕士论文数据
2018-02-01,G2-U06,TN,9.34,,mg/L,常贺星硕士论文数据
2018-02-01,G2-U06,TN,9.57,,mg/L,常贺星硕士论文数据
2018-02-01,G2-U06,TP,0.17,,mg/L,常贺星硕士论文数据
2018-02-01,G2-U06,TP,0.18,,mg/L,常贺星硕士论文数据
2018-02-01,G2-U08,BOD,2.9,,mg/L,常贺星硕士论文数据
2018-02-01,G2-U08,BOD,1.8,,mg/L,常贺星硕士论文数据
2018-02-01,G2-U08,COD,10.0,,mg/L,常贺星硕士论文数据
2018-02-01,G2-U08,COD,10.0,,mg/L,常贺星硕士论文数据
2018-02-01,G2-U08,NH3-N,2.45,,mg/L,常贺星硕士论文数据
2018-02-01,G2-U08,NH3-N,0.275,,mg/L,常贺星硕士论文数据
2018-02-01,G2-U08,TN,8.28,,mg/L,常贺星硕士论文数据
2018-02-01,G2-U08,TN,5.74,,mg/L,常贺星硕士论文数据
2018-02-01,G2-U08,TP,0.14,,mg/L,常贺星硕士论文数据
2018-02-01,G2-U08,TP,0.13,,mg/L,常贺星硕士论文数据
2018-02-01,G2-U09,BOD,1.8,,mg/L,常贺星硕士论文数据
2018-02-01,G2-U09,BOD,0.5,,mg/L,常贺星硕士论文数据
2018-02-01,G2-U09,COD,8.0,,mg/L,常贺星硕士论文数据
2018-02-01,G2-U09,COD,6.0,,mg/L,常贺星硕士论文数据
2018-02-01,G2-U09,NH3-N,2.9,,mg/L,常贺星硕士论文数据
2018-02-01,G2-U09,NH3-N,2.92,,mg/L,常贺星硕士论文数据
2018-02-01,G2-U09,TN,7.97,,mg/L,常贺星硕士论文数据
2018-02-01,G2-U09,TN,8.43,,mg/L,常贺星硕士论文数据
2018-02-01,G2-U09,TP,0.11,,mg/L,常贺星硕士论文数据
2018-02-01,G2-U09,TP,0.11,,mg/L,常贺星硕士论文数据
2018-02-01,G2-U11,BOD,1.5,,mg/L,常贺星硕士论文数据
2018-02-01,G2-U11,BOD,2.1,,mg/L,常贺星硕士论文数据
2018-02-01,G2-U11,COD,8.0,,mg/L,常贺星硕士论文数据
2018-02-01,G2-U11,COD,16.0,,mg/L,常贺星硕士论文数据
2018-02-01,G2-U11,NH3-N,2.29,,mg/L,常贺星硕士论文数据
2018-02-01,G2-U11,NH3-N,2.55,,mg/L,常贺星硕士论文数据
2018-02-01,G2-U11,TN,8.82,,mg/L,常贺星硕士论文数据
2018-02-01,G2-U11,TN,8.76,,mg/L,常贺星硕士论文数据
2018-02-01,G2-U11,TP,0.15,,mg/L,常贺星硕士论文数据
2018-02-01,G2-U11,TP,0.15,,mg/L,常贺星硕士论文数据
2018-02-01,G2-U12,BOD,3.9,,mg/L,常贺星硕士论文数据
2018-02-01,G2-U12,BOD,3.5,,mg/L,常贺星硕士论文数据
2018-02-01,G2-U12,COD,12.0,,mg/L,常贺星硕士论文数据
2018-02-01,G2-U12,COD,11.0,,mg/L,常贺星硕士论文数据
2018-02-01,G2-U12,NH3-N,2.15,,mg/L,常贺星硕士论文数据
2018-02-01,G2-U12,NH3-N,2.58,,mg/L,常贺星硕士论文数据
2018-02-01,G2-U12,TN,8.37,,mg/L,常贺星硕士论文数据
2018-02-01,G2-U12,TN,9.48,,mg/L,常贺星硕士论文数据
2018-02-01,G2-U12,TP,0.16,,mg/L,常贺星硕士论文数据
2018-02-01,G2-U12,TP,0.16,,mg/L,常贺星硕士论文数据
2018-02-01,G2-U13,BOD,3.0,,mg/L,常贺星硕士论文数据
2018-02-01,G2-U13,BOD,1.0,,mg/L,常贺星硕士论文数据
2018-02-01,G2-U13,COD,10.0,,mg/L,常贺星硕士论文数据
2018-02-01,G2-U13,COD,10.0,,mg/L,常贺星硕士论文数据
2018-02-01,G2-U13,NH3-N,2.35,,mg/L,常贺星硕士论文数据
2018-02-01,G2-U13,NH3-N,0.037,,mg/L,常贺星硕士论文数据
2018-02-01,G2-U13,TN,9.75,,mg/L,常贺星硕士论文数据
2018-02-01,G2-U13,TN,4.33,,mg/L,常贺星硕士论文数据
2018-02-01,G2-U13,TP,0.17,,mg/L,常贺星硕士论文数据
2018-02-01,G2-U13,TP,0.04,,mg/L,常贺星硕士论文数据
2018-02-01,G2-U15,BOD,1.8,,mg/L,常贺星硕士论文数据
2018-02-01,G2-U15,BOD,0.9,,mg/L,常贺星硕士论文数据
2018-02-01,G2-U15,COD,8.0,,mg/L,常贺星硕士论文数据
2018-02-01,G2-U15,COD,6.0,,mg/L,常贺星硕士论文数据
2018-02-01,G2-U15,NH3-N,1.43,,mg/L,常贺星硕士论文数据
2018-02-01,G2-U15,NH3-N,1.36,,mg/L,常贺星硕士论文数据
2018-02-01,G2-U15,TN,7.7,,mg/L,常贺星硕士论文数据
2018-02-01,G2-U15,TN,5.9,,mg/L,常贺星硕士论文数据
2018-02-01,G2-U15,TP,0.12,,mg/L,常贺星硕士论文数据
2018-02-01,G2-U15,TP,0.11,,mg/L,常贺星硕士论文数据
2018-02-01,G2-U16,BOD,3.3,,mg/L,常贺星硕士论文数据
2018-02-01,G2-U16,BOD,1.4,,mg/L,常贺星硕士论文数据
2018-02-01,G2-U16,COD,10.0,,mg/L,常贺星硕士论文数据
2018-02-01,G2-U16,COD,5.0,,mg/L,常贺星硕士论文数据
2018-02-01,G2-U16,NH3-N,1.34,,mg/L,常贺星硕士论文数据
2018-02-01,G2-U16,NH3-N,1.06,,mg/L,常贺星硕士论文数据
2018-02-01,G2-U16,TN,7.77,,mg/L,常贺星硕士论文数据
2018-02-01,G2-U16,TN,7.17,,mg/L,常贺星硕士论文数据
2018-02-01,G2-U16,TP,0.12,,mg/L,常贺星硕士论文数据
2018-02-01,G2-U16,TP,0.1,,mg/L,常贺星硕士论文数据
2018-02-01,G2-U17,BOD,1.8,,mg/L,常贺星硕士论文数据
2018-02-01,G2-U17,COD,8.0,,mg/L,常贺星硕士论文数据
2018-02-01,G2-U17,NH3-N,1.6,,mg/L,常贺星硕士论文数据
2018-02-01,G2-U17,TN,8.22,,mg/L,常贺星硕士论文数据
2018-02-01,G2-U17,TP,0.08,,mg/L,常贺星硕士论文数据
2018-02-01,G2-U18,BOD,3.4,,mg/L,常贺星硕士论文数据
2018-02-01,G2-U18,BOD,1.7,,mg/L,常贺星硕士论文数据
2018-02-01,G2-U18,COD,8.0,,mg/L,常贺星硕士论文数据
2018-02-01,G2-U18,COD,16.0,,mg/L,常贺星硕士论文数据
2018-02-01,G2-U18,NH3-N,2.12,,mg/L,常贺星硕士论文数据
2018-02-01,G2-U18,NH3-N,2.29,,mg/L,常贺星硕士论文数据
2018-02-01,G2-U18,TN,7.76,,mg/L,常贺星硕士论文数据
2018-02-01,G2-U18,TN,7.46,,mg/L,常贺星硕士论文数据
2018-02-01,G2-U18,TP,0.14,,mg/L,常贺星硕士论文数据
2018-02-01,G2-U18,TP,0.12,,mg/L,常贺星硕士论文数据
2018-02-01,G2-U21,BOD,3.6,,mg/L,常贺星硕士论文数据
2018-02-01,G2-U21,BOD,3.2,,mg/L,常贺星硕士论文数据
2018-02-01,G2-U21,COD,12.0,,mg/L,常贺星硕士论文数据
2018-02-01,G2-U21,COD,18.0,,mg/L,常贺星硕士论文数据
2018-02-01,G2-U21,NH3-N,1.55,,mg/L,常贺星硕士论文数据
2018-02-01,G2-U21,NH3-N,1.65,,mg/L,常贺星硕士论文数据
2018-02-01,G2-U21,TN,8.53,,mg/L,常贺星硕士论文数据
2018-02-01,G2-U21,TN,8.88,,mg/L,常贺星硕士论文数据
2018-02-01,G2-U21,TP,0.13,,mg/L,常贺星硕士论文数据
2018-02-01,G2-U21,TP,0.13,,mg/L,常贺星硕士论文数据
2018-02-01,G2-U22,BOD,0.9,,mg/L,常贺星硕士论文数据
2018-02-01,G2-U22,BOD,0.9,,mg/L,常贺星硕士论文数据
2018-02-01,G2-U22,COD,8.0,,mg/L,常贺星硕士论文数据
2018-02-01,G2-U22,COD,4.0,,mg/L,常贺星硕士论文数据
2018-02-01,G2-U22,NH3-N,0.357,,mg/L,常贺星硕士论文数据
2018-02-01,G2-U22,NH3-N,0.8,,mg/L,常贺星硕士论文数据
2018-02-01,G2-U22,TN,5.8,,mg/L,常贺星硕士论文数据
2018-02-01,G2-U22,TN,6.81,,mg/L,常贺星硕士论文数据
2018-02-01,G2-U22,TP,0.13,,mg/L,常贺星硕士论文数据
2018-02-01,G2-U22,TP,0.11,,mg/L,常贺星硕士论文数据
2018-02-01,G2-U23,BOD,2.0,,mg/L,常贺星硕士论文数据
2018-02-01,G2-U23,BOD,1.2,,mg/L,常贺星硕士论文数据
2018-02-01,G2-U23,COD,6.0,,mg/L,常贺星硕士论文数据
2018-02-01,G2-U23,COD,7.0,,mg/L,常贺星硕士论文数据
2018-02-01,G2-U23,NH3-N,0.476,,mg/L,常贺星硕士论文数据
2018-02-01,G2-U23,NH3-N,0.65,,mg/L,常贺星硕士论文数据
2018-02-01,G2-U23,TN,6.63,,mg/L,常贺星硕士论文数据
2018-02-01,G2-U23,TN,5.16,,mg/L,常贺星硕士论文数据
2018-02-01,G2-U23,TP,0.11,,mg/L,常贺星硕士论文数据
2018-02-01,G2-U23,TP,0.09,,mg/L,常贺星硕士论文数据
2018-02-01,G2-U24,BOD,1.8,,mg/L,常贺星硕士论文数据
2018-02-01,G2-U24,COD,11.0,,mg/L,常贺星硕士论文数据
2018-02-01,G2-U24,NH3-N,0.919,,mg/L,常贺星硕士论文数据
2018-02-01,G2-U24,TN,8.08,,mg/L,常贺星硕士论文数据
2018-02-01,G2-U24,TP,0.06,,mg/L,常贺星硕士论文数据
2018-02-01,G2-U25,BOD,4.6,,mg/L,常贺星硕士论文数据
2018-02-01,G2-U25,BOD,2.0,,mg/L,常贺星硕士论文数据
2018-02-01,G2-U25,COD,29.0,,mg/L,常贺星硕士论文数据
2018-02-01,G2-U25,COD,10.0,,mg/L,常贺星硕士论文数据
2018-02-01,G2-U25,NH3-N,0.655,,mg/L,常贺星硕士论文数据
2018-02-01,G2-U25,NH3-N,0.909,,mg/L,常贺星硕士论文数据
2018-02-01,G2-U25,TN,7.02,,mg/L,常贺星硕士论文数据
2018-02-01,G2-U25,TN,7.35,,mg/L,常贺星硕士论文数据
2018-02-01,G2-U25,TP,0.09,,mg/L,常贺星硕士论文数据
2018-02-01,G2-U25,TP,0.1,,mg/L,常贺星硕士论文数据
2018-02-01,G2-U29,BOD,1.7,,mg/L,常贺星硕士论文数据
2018-02-01,G2-U29,BOD,0.8,,mg/L,常贺星硕士论文数据
2018-02-01,G2-U29,COD,8.0,,mg/L,常贺星硕士论文数据
2018-02-01,G2-U29,COD,6.0,,mg/L,常贺星硕士论文数据
2018-02-01,G2-U29,NH3-N,0.051,,mg/L,常贺星硕士论文数据
2018-02-01,G2-U29,NH3-N,0.048,,mg/L,常贺星硕士论文数据
2018-02-01,G2-U29,TN,5.26,,mg/L,常贺星硕士论文数据
2018-02-01,G2-U29,TN,5.3,,mg/L,常贺星硕士论文数据
2018-02-01,G2-U29,TP,0.03,,mg/L,常贺星硕士论文数据
2018-02-01,G2-U29,TP,0.02,,mg/L,常贺星硕士论文数据
2018-02-01,G2-U30,BOD,1.1,,mg/L,常贺星硕士论文数据
2018-02-01,G2-U30,BOD,1.2,,mg/L,常贺星硕士论文数据
2018-02-01,G2-U30,COD,7.0,,mg/L,常贺星硕士论文数据
2018-02-01,G2-U30,COD,7.0,,mg/L,常贺星硕士论文数据
2018-02-01,G2-U30,NH3-N,0.056,,mg/L,常贺星硕士论文数据
2018-02-01,G2-U30,NH3-N,0.064,,mg/L,常贺星硕士论文数据
2018-02-01,G2-U30,TN,5.41,,mg/L,常贺星硕士论文数据
2018-02-01,G2-U30,TN,5.8,,mg/L,常贺星硕士论文数据
2018-02-01,G2-U30,TP,0.09,,mg/L,常贺星硕士论文数据
2018-02-01,G2-U30,TP,0.08,,mg/L,常贺星硕士论文数据
2018-02-01,G2-U31,BOD,1.2,,mg/L,常贺星硕士论文数据
2018-02-01,G2-U31,COD,10.0,,mg/L,常贺星硕士论文数据
2018-02-01,G2-U31,NH3-N,0.204,,mg/L,常贺星硕士论文数据
2018-02-01,G2-U31,TN,7.87,,mg/L,常贺星硕士论文数据
2018-02-01,G2-U31,TP,0.06,,mg/L,常贺星硕士论文数据
2018-02-01,G2-U32,BOD,0.5,,mg/L,常贺星硕士论文数据
2018-02-01,G2-U32,BOD,0.6,,mg/L,常贺星硕士论文数据
2018-02-01,G2-U32,COD,8.0,,mg/L,常贺星硕士论文数据
2018-02-01,G2-U32,COD,9.0,,mg/L,常贺星硕士论文数据
2018-02-01,G2-U32,NH3-N,0.225,,mg/L,常贺星硕士论文数据
2018-02-01,G2-U32,NH3-N,0.183,,mg/L,常贺星硕士论文数据
2018-02-01,G2-U32,TN,5.82,,mg/L,常贺星硕士论文数据
2018-02-01,G2-U32,TN,7.68,,mg/L,常贺星硕士论文数据
2018-02-01,G2-U32,TP,0.08,,mg/L,常贺星硕士论文数据
2018-02-01,G2-U32,TP,0.08,,mg/L,常贺星硕士论文数据
2018-02-01,G2-U33,BOD,1.3,,mg/L,常贺星硕士论文数据
2018-02-01,G2-U33,BOD,2.4,,mg/L,常贺星硕士论文数据
2018-02-01,G2-U33,COD,7.0,,mg/L,常贺星硕士论文数据
2018-02-01,G2-U33,COD,7.0,,mg/L,常贺星硕士论文数据
2018-02-01,G2-U33,NH3-N,0.819,,mg/L,常贺星硕士论文数据
2018-02-01,G2-U33,NH3-N,0.914,,mg/L,常贺星硕士论文数据
2018-02-01,G2-U33,TN,5.82,,mg/L,常贺星硕士论文数据
2018-02-01,G2-U33,TN,6.73,,mg/L,常贺星硕士论文数据
2018-02-01,G2-U33,TP,0.08,,mg/L,常贺星硕士论文数据
2018-02-01,G2-U33,TP,0.08,,mg/L,常贺星硕士论文数据
2018-02-01,G2-U35,BOD,3.5,,mg/L,常贺星硕士论文数据
2018-02-01,G2-U35,BOD,1.7,,mg/L,常贺星硕士论文数据
2018-02-01,G2-U35,COD,22.0,,mg/L,常贺星硕士论文数据
2018-02-01,G2-U35,COD,4.0,,mg/L,常贺星硕士论文数据
2018-02-01,G2-U35,NH3-N,0.183,,mg/L,常贺星硕士论文数据
2018-02-01,G2-U35,NH3-N,0.061,,mg/L,常贺星硕士论文数据
2018-02-01,G2-U35,TN,4.97,,mg/L,常贺星硕士论文数据
2018-02-01,G2-U35,TN,4.79,,mg/L,常贺星硕士论文数据
2018-02-01,G2-U35,TP,0.04,,mg/L,常贺星硕士论文数据
2018-02-01,G2-U35,TP,0.04,,mg/L,常贺星硕士论文数据
2018-02-01,G2-U37,BOD,2.0,,mg/L,常贺星硕士论文数据
2018-02-01,G2-U37,COD,23.0,,mg/L,常贺星硕士论文数据
2018-02-01,G2-U37,NH3-N,0.067,,mg/L,常贺星硕士论文数据
2018-02-01,G2-U37,TN,7.12,,mg/L,常贺星硕士论文数据
2018-02-01,G2-U37,TP,0.05,,mg/L,常贺星硕士论文数据
2018-02-01,G2-U38,BOD,0.5,,mg/L,常贺星硕士论文数据
2018-02-01,G2-U38,BOD,1.4,,mg/L,常贺星硕士论文数据
2018-02-01,G2-U38,COD,7.0,,mg/L,常贺星硕士论文数据
2018-02-01,G2-U38,COD,13.0,,mg/L,常贺星硕士论文数据
2018-02-01,G2-U38,NH3-N,0.043,,mg/L,常贺星硕士论文数据
2018-02-01,G2-U38,NH3-N,0.051,,mg/L,常贺星硕士论文数据
2018-02-01,G2-U38,TN,5.57,,mg/L,常贺星硕士论文数据
2018-02-01,G2-U38,TN,6.86,,mg/L,常贺星硕士论文数据
2018-02-01,G2-U38,TP,0.04,,mg/L,常贺星硕士论文数据
2018-02-01,G2-U38,TP,0.05,,mg/L,常贺星硕士论文数据
2018-02-01,G2-U39,BOD,1.3,,mg/L,常贺星硕士论文数据
2018-02-01,G2-U39,BOD,0.5,,mg/L,常贺星硕士论文数据
2018-02-01,G2-U39,COD,7.0,,mg/L,常贺星硕士论文数据
2018-02-01,G2-U39,COD,8.0,,mg/L,常贺星硕士论文数据
2018-02-01,G2-U39,NH3-N,0.111,,mg/L,常贺星硕士论文数据
2018-02-01,G2-U39,NH3-N,0.061,,mg/L,常贺星硕士论文数据
2018-02-01,G2-U39,TN,4.95,,mg/L,常贺星硕士论文数据
2018-02-01,G2-U39,TN,6.36,,mg/L,常贺星硕士论文数据
2018-02-01,G2-U39,TP,0.07,,mg/L,常贺星硕士论文数据
2018-02-01,G2-U39,TP,0.06,,mg/L,常贺星硕士论文数据
2018-02-01,G2-U41,BOD,1.2,,mg/L,常贺星硕士论文数据
2018-02-01,G2-U41,BOD,0.8,,mg/L,常贺星硕士论文数据
2018-02-01,G2-U41,COD,9.0,,mg/L,常贺星硕士论文数据
2018-02-01,G2-U41,COD,8.0,,mg/L,常贺星硕士论文数据
2018-02-01,G2-U41,NH3-N,0.059,,mg/L,常贺星硕士论文数据
2018-02-01,G2-U41,NH3-N,0.088,,mg/L,常贺星硕士论文数据
2018-02-01,G2-U41,TN,6.79,,mg/L,常贺星硕士论文数据
2018-02-01,G2-U41,TN,5.06,,mg/L,常贺星硕士论文数据
2018-02-01,G2-U41,TP,0.06,,mg/L,常贺星硕士论文数据
2018-02-01,G2-U41,TP,0.05,,mg/L,常贺星硕士论文数据
2018-02-01,G2-U42,BOD,0.7,,mg/L,常贺星硕士论文数据
2018-02-01,G2-U42,BOD,2.8,,mg/L,常贺星硕士论文数据
2018-02-01,G2-U42,COD,7.0,,mg/L,常贺星硕士论文数据
2018-02-01,G2-U42,COD,16.0,,mg/L,常贺星硕士论文数据
2018-02-01,G2-U42,NH3-N,0.067,,mg/L,常贺星硕士论文数据
2018-02-01,G2-U42,NH3-N,0.053,,mg/L,常贺星硕士论文数据
2018-02-01,G2-U42,TN,5.37,,mg/L,常贺星硕士论文数据
2018-02-01,G2-U42,TN,6.8,,mg/L,常贺星硕士论文数据
2018-02-01,G2-U42,TP,0.04,,mg/L,常贺星硕士论文数据
2018-02-01,G2-U42,TP,0.05,,mg/L,常贺星硕士论文数据
2018-02-01,G2-U43,BOD,1.2,,mg/L,常贺星硕士论文数据
2018-02-01,G2-U43,BOD,0.5,,mg/L,常贺星硕士论文数据
2018-02-01,G2-U43,COD,10.0,,mg/L,常贺星硕士论文数据
2018-02-01,G2-U43,COD,4.0,,mg/L,常贺星硕士论文数据
2018-02-01,G2-U43,NH3-N,0.053,,mg/L,常贺星硕士论文数据
2018-02-01,G2-U43,NH3-N,0.074,,mg/L,常贺星硕士论文数据
2018-02-01,G2-U43,TN,5.86,,mg/L,常贺星硕士论文数据
2018-02-01,G2-U43,TN,6.13,,mg/L,常贺星硕士论文数据
2018-02-01,G2-U43,TP,0.05,,mg/L,常贺星硕士论文数据
2018-02-01,G2-U43,TP,0.04,,mg/L,常贺星硕士论文数据
2018-02-01,G2-U46,BOD,0.8,,mg/L,常贺星硕士论文数据
2018-02-01,G2-U46,BOD,0.6,,mg/L,常贺星硕士论文数据
2018-02-01,G2-U46,COD,6.0,,mg/L,常贺星硕士论文数据
2018-02-01,G2-U46,COD,7.0,,mg/L,常贺星硕士论文数据
2018-02-01,G2-U46,NH3-N,0.048,,mg/L,常贺星硕士论文数据
2018-02-01,G2-U46,NH3-N,0.088,,mg/L,常贺星硕士论文数据
2018-02-01,G2-U46,TN,7.54,,mg/L,常贺星硕士论文数据
2018-02-01,G2-U46,TN,5.78,,mg/L,常贺星硕士论文数据
2018-02-01,G2-U46,TP,0.02,,mg/L,常贺星硕士论文数据
2018-02-01,G2-U46,TP,0.03,,mg/L,常贺星硕士论文数据
2018-02-01,G2-U49,BOD,0.5,,mg/L,常贺星硕士论文数据
2018-02-01,G2-U49,BOD,0.7,,mg/L,常贺星硕士论文数据
2018-02-01,G2-U49,COD,7.0,,mg/L,常贺星硕士论文数据
2018-02-01,G2-U49,COD,6.0,,mg/L,常贺星硕士论文数据
2018-02-01,G2-U49,NH3-N,0.045,,mg/L,常贺星硕士论文数据
2018-02-01,G2-U49,NH3-N,0.04,,mg/L,常贺星硕士论文数据
2018-02-01,G2-U49,TN,5.95,,mg/L,常贺星硕士论文数据
2018-02-01,G2-U49,TN,7.27,,mg/L,常贺星硕士论文数据
2018-02-01,G2-U49,TP,0.04,,mg/L,常贺星硕士论文数据
2018-02-01,G2-U49,TP,0.05,,mg/L,常贺星硕士论文数据
2018-02-01,Inlet,BOD,3.9,,mg/L,常贺星硕士论文数据
2018-02-01,Inlet,BOD,4.3,,mg/L,常贺星硕士论文数据
2018-02-01,Inlet,BOD,1.8,,mg/L,常贺星硕士论文数据
2018-02-01,Inlet,BOD,1.7,,mg/L,常贺星硕士论文数据
2018-02-01,Inlet,BOD,1.4,,mg/L,常贺星硕士论文数据
2018-02-01,Inlet,BOD,3.6,,mg/L,常贺星硕士论文数据
2018-02-01,Inlet,BOD,1.7,,mg/L,常贺星硕士论文数据
2018-02-01,Inlet,BOD,1.7,,mg/L,常贺星硕士论文数据
2018-02-01,Inlet,COD,19.0,,mg/L,常贺星硕士论文数据
2018-02-01,Inlet,COD,26.0,,mg/L,常贺星硕士论文数据
2018-02-01,Inlet,COD,9.0,,mg/L,常贺星硕士论文数据
2018-02-01,Inlet,COD,11.0,,mg/L,常贺星硕士论文数据
2018-02-01,Inlet,COD,8.0,,mg/L,常贺星硕士论文数据
2018-02-01,Inlet,COD,12.0,,mg/L,常贺星硕士论文数据
2018-02-01,Inlet,COD,11.0,,mg/L,常贺星硕士论文数据
2018-02-01,Inlet,COD,17.0,,mg/L,常贺星硕士论文数据
2018-02-01,Inlet,NH3-N,3.92,,mg/L,常贺星硕士论文数据
2018-02-01,Inlet,NH3-N,3.88,,mg/L,常贺星硕士论文数据
2018-02-01,Inlet,NH3-N,3.85,,mg/L,常贺星硕士论文数据
2018-02-01,Inlet,NH3-N,3.87,,mg/L,常贺星硕士论文数据
2018-02-01,Inlet,NH3-N,3.76,,mg/L,常贺星硕士论文数据
2018-02-01,Inlet,NH3-N,3.7,,mg/L,常贺星硕士论文数据
2018-02-01,Inlet,NH3-N,3.82,,mg/L,常贺星硕士论文数据
2018-02-01,Inlet,NH3-N,3.88,,mg/L,常贺星硕士论文数据
2018-02-01,Inlet,TN,9.52,,mg/L,常贺星硕士论文数据
2018-02-01,Inlet,TN,9.34,,mg/L,常贺星硕士论文数据
2018-02-01,Inlet,TN,6.75,,mg/L,常贺星硕士论文数据
2018-02-01,Inlet,TN,7.1,,mg/L,常贺星硕士论文数据
2018-02-01,Inlet,TN,9.17,,mg/L,常贺星硕士论文数据
2018-02-01,Inlet,TN,9.0,,mg/L,常贺星硕士论文数据
2018-02-01,Inlet,TN,10.2,,mg/L,常贺星硕士论文数据
2018-02-01,Inlet,TN,10.1,,mg/L,常贺星硕士论文数据
2018-02-01,Inlet,TP,0.24,,mg/L,常贺星硕士论文数据
2018-02-01,Inlet,TP,0.26,,mg/L,常贺星硕士论文数据
2018-02-01,Inlet,TP,0.17,,mg/L,常贺星硕士论文数据
2018-02-01,Inlet,TP,0.19,,mg/L,常贺星硕士论文数据
2018-02-01,Inlet,TP,0.2,,mg/L,常贺星硕士论文数据
2018-02-01,Inlet,TP,0.18,,mg/L,常贺星硕士论文数据
2018-02-01,Inlet,TP,0.22,,mg/L,常贺星硕士论文数据
2018-02-01,Inlet,TP,0.2,,mg/L,常贺星硕士论文数据
2025-08-05,G1-U04,COD,11.285,1.06773124,mg/L,第二次实地调研
2025-08-05,G1-U04,NH3-N,0.18653067,0.00280188,mg/L,第二次实地调研
2025-08-05,G1-U04,SS,9.0,2.82842712,mg/L,第二次实地调研
2025-08-05,G1-U04,TN,0.79140013,0.0257248,mg/L,第二次实地调研
2025-08-05,G1-U04,TP,0.02196256,0.00050728,mg/L,第二次实地调研
2025-08-05,G1-U05,COD,6.636,0.87115555,mg/L,第二次实地调研
2025-08-05,G1-U05,NH3-N,0.48208,0.00150279,mg/L,第二次实地调研
2025-08-05,G1-U05,SS,14.0,7.07106781,mg/L,第二次实地调研
2025-08-05,G1-U05,TN,0.6387516,0.01586881,mg/L,第二次实地调研
2025-08-05,G1-U05,TP,0.04090101,0.00058576,mg/L,第二次实地调研
2025-08-05,G1-U08,COD,6.7725,1.06419571,mg/L,第二次实地调研
2025-08-05,G1-U08,NH3-N,0.26642933,0.00327935,mg/L,第二次实地调研
2025-08-05,G1-U08,SS,11.5,3.53553391,mg/L,第二次实地调研
2025-08-05,G1-U08,TN,0.7859484,0.01719607,mg/L,第二次实地调研
2025-08-05,G1-U08,TP,0.03549003,0.00029288,mg/L,第二次实地调研
2025-08-05,G1-U09,COD,9.78,1.06066017,mg/L,第二次实地调研
2025-08-05,G1-U09,NH3-N,0.18179733,0.00086763,mg/L,第二次实地调研
2025-08-05,G1-U09,SS,2.0,1.41421356,mg/L,第二次实地调研
2025-08-05,G1-U09,TN,0.69429113,0.0850599,mg/L,第二次实地调研
2025-08-05,G1-U09,TP,0.09822365,0.00077488,mg/L,第二次实地调研
2025-08-05,G2-U08,COD,23.325,1.06773124,mg/L,第二次实地调研
2025-08-05,G2-U08,NH3-N,1.34562933,0.00131174,mg/L,第二次实地调研
2025-08-05,G2-U08,SS,3.0,2.82842712,mg/L,第二次实地调研
2025-08-05,G2-U08,TN,1.48070367,0.00665085,mg/L,第二次实地调研
2025-08-05,G2-U08,TP,0.02821901,0.00058576,mg/L,第二次实地调研
2025-08-05,G2-U29,COD,27.84,1.06066017,mg/L,第二次实地调研
2025-08-05,G2-U29,NH3-N,1.90851733,0.00032793,mg/L,第二次实地调研
2025-08-05,G2-U29,SS,1484.0,25.45584412,mg/L,第二次实地调研
2025-08-05,G2-U29,TN,2.54072507,0.03373776,mg/L,第二次实地调研
2025-08-05,G2-U29,TP,2.87608893,0.00058576,mg/L,第二次实地调研
2025-08-05,G2-U31,COD,26.335,1.06773124,mg/L,第二次实地调研
2025-08-05,G2-U31,NH3-N,0.05645867,0.00285887,mg/L,第二次实地调研
2025-08-05,G2-U31,SS,3.5,0.70710678,mg/L,第二次实地调研
2025-08-05,G2-U31,TN,0.426134,0.00936862,mg/L,第二次实地调研
2025-08-05,G2-U31,TP,0.03041723,0.00029288,mg/L,第二次实地调研
2025-08-05,G2-U32,COD,3.7625,1.06419571,mg/L,第二次实地调研
2025-08-05,G2-U32,NH3-N,0.090728,0.000568,mg/L,第二次实地调研
2025-08-05,G2-U32,SS,7.5,4.94974747,mg/L,第二次实地调研
2025-08-05,G2-U32,TN,0.79991847,0.02297867,mg/L,第二次实地调研
2025-08-05,G2-U32,TP,0.07049235,0.00029288,mg/L,第二次实地调研
2025-08-05,G2-U39,COD,27.84,1.06066017,mg/L,第二次实地调研
2025-08-05,G2-U39,NH3-N,0.19713333,0.00118239,mg/L,第二次实地调研
2025-08-05,G2-U39,SS,3.0,1.41421356,mg/L,第二次实地调研
2025-08-05,G2-U39,TN,0.68645427,0.02716694,mg/L,第二次实地调研
2025-08-05,G2-U39,TP,0.13187323,0.00077488,mg/L,第二次实地调研
2025-08-05,G2-U40,COD,9.78,1.06066017,mg/L,第二次实地调研
2025-08-05,G2-U40,NH3-N,0.20224533,0.02298354,mg/L,第二次实地调研
2025-08-05,G2-U40,SS,4.5,2.12132034,mg/L,第二次实地调研
2025-08-05,G2-U40,TN,0.83228813,0.01597818,mg/L,第二次实地调研
2025-08-05,G2-U40,TP,0.15368627,0.00029288,mg/L,第二次实地调研
2025-08-05,G2-U45,COD,7.5535,0.04030509,mg/L,第二次实地调研
2025-08-05,G2-U45,NH3-N,0.18085067,0.00229554,mg/L,第二次实地调研
2025-08-05,G2-U45,SS,5.5,2.12132034,mg/L,第二次实地调研
2025-08-05,G2-U45,TN,0.51233953,0.00598955,mg/L,第二次实地调研
2025-08-05,G2-U45,TP,0.08892352,0.0,mg/L,第二次实地调研
2025-08-05,G2-U50,COD,12.79,1.06066017,mg/L,第二次实地调研
2025-08-05,G2-U50,NH3-N,0.039608,0.000568,mg/L,第二次实地调研
2025-08-05,G2-U50,SS,3.5,0.70710678,mg/L,第二次实地调研
2025-08-05,G2-U50,TN,0.55118313,0.02221571,mg/L,第二次实地调研
2025-08-05,G2-U50,TP,0.14404795,0.00029288,mg/L,第二次实地调研
2025-08-05,G2-U51,COD,12.79,1.06066017,mg/L,第二次实地调研
2025-08-05,G2-U51,NH3-N,0.07804267,0.00086763,mg/L,第二次实地调研
2025-08-05,G2-U51,SS,14.5,2.12132034,mg/L,第二次实地调研
2025-08-05,G2-U51,TN,0.72291273,0.01630187,mg/L,第二次实地调研
2025-08-05,G2-U51,TP,0.07522696,0.00050728,mg/L,第二次实地调研
2025-08-05,G2-U52,COD,12.79,1.06066017,mg/L,第二次实地调研
2025-08-05,G2-U52,NH3-N,0.00685333,0.00142944,mg/L,第二次实地调研
2025-08-05,G2-U52,SS,2.5,0.70710678,mg/L,第二次实地调研
2025-08-05,G2-U52,TN,0.8472804,0.04618037,mg/L,第二次实地调研
2025-08-05,G2-U52,TP,0.13221141,0.00105599,mg/L,第二次实地调研
2025-08-05,G3-U04,COD,27.84,1.06066017,mg/L,第二次实地调研
2025-08-05,G3-U04,NH3-N,0.58848533,0.00378193,mg/L,第二次实地调研
2025-08-05,G3-U04,SS,11.0,5.65685425,mg/L,第二次实地调研
2025-08-05,G3-U04,TN,0.8983904,0.01746736,mg/L,第二次实地调研
2025-08-05,G3-U04,TP,0.0387028,0.00050728,mg/L,第二次实地调研
2025-08-05,G3-U08,COD,31.38,0.31112698,mg/L,第二次实地调研
2025-08-05,G3-U08,NH3-N,0.46693333,0.0031283,mg/L,第二次实地调研
2025-08-05,G3-U08,SS,5.0,2.82842712,mg/L,第二次实地调研
2025-08-05,G3-U08,TN,0.61183367,0.02979031,mg/L,第二次实地调研
2025-08-05,G3-U08,TP,0.01147877,0.00239731,mg/L,第二次实地调研
2025-08-05,G3-U09,COD,35.365,1.06773124,mg/L,第二次实地调研
2025-08-05,G3-U09,NH3-N,0.62161867,0.00086763,mg/L,第二次实地调研
2025-08-05,G3-U09,SS,8.5,6.36396103,mg/L,第二次实地调研
2025-08-05,G3-U09,TN,1.0568314,0.01808456,mg/L,第二次实地调研
2025-08-05,G3-U09,TP,0.03684277,0.00029288,mg/L,第二次实地调研
2025-08-05,G3-U11,COD,24.83,1.06066017,mg/L,第二次实地调研
2025-08-05,G3-U11,NH3-N,0.13881867,0.00710189,mg/L,第二次实地调研
2025-08-05,G3-U11,SS,7.0,2.82842712,mg/L,第二次实地调研
2025-08-05,G3-U11,TN,0.6857728,0.02823567,mg/L,第二次实地调研
2025-08-05,G3-U11,TP,0.0792852,0.00101456,mg/L,第二次实地调研
2025-08-05,G4-U05,COD,21.07,0.0,mg/L,第二次实地调研
2025-08-05,G4-U05,NH3-N,0.37169867,0.00199475,mg/L,第二次实地调研
2025-08-05,G4-U05,SS,8.5,0.70710678,mg/L,第二次实地调研
2025-08-05,G4-U05,TN,0.8309252,0.013367,mg/L,第二次实地调研
2025-08-05,G4-U05,TP,0.01435336,0.0,mg/L,第二次实地调研
2025-08-05,G4-U09,COD,27.84,1.06066017,mg/L,第二次实地调研
2025-08-05,G4-U09,NH3-N,0.67822933,0.00163967,mg/L,第二次实地调研
2025-08-05,G4-U09,SS,8.5,2.12132034,mg/L,第二次实地调研
2025-08-05,G4-U09,TN,1.36928387,0.02009171,mg/L,第二次实地调研
2025-08-05,G4-U09,TP,0.05037024,0.00050728,mg/L,第二次实地调研
2025-08-05,G4-U10,COD,21.07,0.0,mg/L,第二次实地调研
2025-08-05,G4-U10,NH3-N,0.22061067,0.00402973,mg/L,第二次实地调研
2025-08-05,G4-U10,SS,11.0,0.0,mg/L,第二次实地调研
2025-08-05,G4-U10,TN,0.87113173,0.04443142,mg/L,第二次实地调研
2025-08-05,G4-U10,TP,0.10329645,0.00305774,mg/L,第二次实地调研
2025-08-05,G4-U11,COD,15.8,1.06066017,mg/L,第二次实地调研
2025-08-05,G4-U11,NH3-N,0.169112,0.000568,mg/L,第二次实地调研
2025-08-05,G4-U11,SS,12.0,2.82842712,mg/L,第二次实地调研
2025-08-05,G4-U11,TN,0.75562313,0.0744477,mg/L,第二次实地调研
2025-08-05,G4-U11,TP,0.13238051,0.00228745,mg/L,第二次实地调研
2025-08-05,Inlet,COD,23.325,0.0,mg/L,第二次实地调研
2025-08-05,Inlet,NH3-N,2.93224267,0.00122702,mg/L,第二次实地调研
2025-08-05,Inlet,SS,29.5,4.52769257,mg/L,第二次实地调研
2025-08-05,Inlet,TN,3.28897547,0.04805065,mg/L,第二次实地调研
2025-08-05,Inlet,TP,0.06347497,0.0002071,mg/L,第二次实地调研
